Year, Month, Monthly_MSL, Linear_Trend, High_Conf., Low_Conf.
1977,11,6.919,6.923,6.961,6.886,
1977,12,6.875,6.924,6.961,6.886,
1978,1,6.829,6.924,6.962,6.886,
1978,2,6.887,6.924,6.962,6.887,
1978,3,6.921,6.925,6.962,6.887,
1978,4,7.011,6.925,6.962,6.888,
1978,5,7.013,6.925,6.963,6.888,
1978,6,7.029,6.926,6.963,6.888,
1978,7,7.015,6.926,6.963,6.889,
1978,8,7.022,6.926,6.963,6.889,
1978,9,6.961,6.927,6.964,6.890,
1978,10,6.956,6.927,6.964,6.890,
1978,11,6.989,6.927,6.964,6.891,
1978,12,6.966,6.928,6.964,6.891,
1979,1,6.993,6.928,6.965,6.891,
1979,3,6.948,6.929,6.965,6.892,
1979,5,7.001,6.929,6.965,6.893,
1979,6,6.979,6.930,6.966,6.893,
1979,9,6.971,6.931,6.966,6.895,
1979,10,6.933,6.931,6.967,6.895,
1979,11,6.971,6.931,6.967,6.895,
1979,12,6.915,6.932,6.967,6.896,
1980,1,7.002,6.932,6.967,6.896,
1980,2,6.985,6.932,6.968,6.897,
1980,4,6.986,6.933,6.968,6.897,
1980,5,6.956,6.933,6.968,6.898,
1980,6,6.998,6.933,6.969,6.898,
1980,7,7.015,6.934,6.969,6.899,
1980,8,7.015,6.934,6.969,6.899,
1980,9,7.024,6.934,6.969,6.899,
1980,10,6.999,6.935,6.970,6.900,
1980,11,6.979,6.935,6.970,6.900,
1981,3,6.907,6.936,6.971,6.902,
1981,5,6.991,6.937,6.971,6.903,
1981,7,7.005,6.938,6.972,6.904,
1981,8,7.006,6.938,6.972,6.904,
1981,9,7.043,6.938,6.972,6.904,
1981,10,7.015,6.939,6.973,6.905,
1981,11,7.018,6.939,6.973,6.905,
1981,12,7.042,6.939,6.973,6.906,
1982,1,7.041,6.940,6.973,6.906,
1982,2,7.056,6.940,6.974,6.906,
1982,3,7.003,6.940,6.974,6.907,
1982,4,7.041,6.941,6.974,6.907,
1982,5,7.031,6.941,6.974,6.908,
1982,6,7.033,6.941,6.975,6.908,
1982,7,7.033,6.942,6.975,6.908,
1982,8,7.028,6.942,6.975,6.909,
1982,9,6.997,6.942,6.975,6.909,
1982,10,7.011,6.943,6.976,6.910,
1982,11,6.970,6.943,6.976,6.910,
1982,12,6.891,6.943,6.976,6.910,
1983,1,6.849,6.944,6.976,6.911,
1983,2,6.719,6.944,6.977,6.911,
1983,4,6.578,6.945,6.977,6.912,
1983,5,6.576,6.945,6.977,6.912,
1983,6,6.607,6.945,6.978,6.913,
1983,7,6.692,6.946,6.978,6.913,
1983,8,6.778,6.946,6.978,6.914,
1983,9,6.797,6.946,6.978,6.914,
1983,10,6.829,6.947,6.979,6.914,
1983,11,6.911,6.947,6.979,6.915,
1983,12,6.972,6.947,6.979,6.915,
1984,1,6.956,6.948,6.979,6.916,
1984,2,6.972,6.948,6.980,6.916,
1984,3,7.041,6.948,6.980,6.916,
1984,4,7.016,6.949,6.980,6.917,
1984,5,6.932,6.949,6.980,6.917,
1984,6,6.879,6.949,6.981,6.918,
1984,7,6.829,6.949,6.981,6.918,
1984,8,6.864,6.950,6.981,6.918,
1984,9,6.845,6.950,6.981,6.919,
1984,10,6.861,6.950,6.982,6.919,
1984,11,6.816,6.951,6.982,6.920,
1984,12,6.943,6.951,6.982,6.920,
1985,1,6.986,6.951,6.983,6.920,
1985,2,7.068,6.952,6.983,6.921,
1985,3,7.056,6.952,6.983,6.921,
1985,4,7.082,6.952,6.983,6.922,
1985,5,7.034,6.953,6.984,6.922,
1985,6,7.005,6.953,6.984,6.922,
1985,7,7.012,6.953,6.984,6.923,
1985,8,7.013,6.954,6.984,6.923,
1985,9,6.995,6.954,6.985,6.924,
1985,10,7.067,6.954,6.985,6.924,
1985,11,7.002,6.955,6.985,6.924,
1985,12,7.017,6.955,6.985,6.925,
1986,1,7.047,6.955,6.986,6.925,
1986,2,7.036,6.956,6.986,6.926,
1986,3,7.097,6.956,6.986,6.926,
1986,4,7.141,6.956,6.986,6.926,
1986,5,7.017,6.957,6.987,6.927,
1986,6,7.063,6.957,6.987,6.927,
1986,7,7.054,6.957,6.987,6.928,
1986,8,7.021,6.958,6.987,6.928,
1986,9,6.961,6.958,6.988,6.928,
1986,10,6.948,6.958,6.988,6.929,
1986,11,7.009,6.959,6.988,6.929,
1986,12,6.945,6.959,6.988,6.929,
1987,1,6.832,6.959,6.989,6.930,
1987,2,6.880,6.960,6.989,6.930,
1987,3,6.780,6.960,6.989,6.931,
1987,4,6.813,6.960,6.990,6.931,
1987,5,6.831,6.961,6.990,6.931,
1987,6,6.874,6.961,6.990,6.932,
1987,7,6.919,6.961,6.990,6.932,
1987,8,6.863,6.962,6.991,6.933,
1987,9,6.884,6.962,6.991,6.933,
1987,10,6.907,6.962,6.991,6.933,
1987,11,6.945,6.963,6.991,6.934,
1987,12,6.966,6.963,6.992,6.934,
1988,1,6.975,6.963,6.992,6.935,
1988,2,7.031,6.964,6.992,6.935,
1988,3,7.044,6.964,6.992,6.935,
1988,4,7.076,6.964,6.993,6.936,
1988,5,7.064,6.965,6.993,6.936,
1988,6,7.016,6.965,6.993,6.936,
1988,7,7.006,6.965,6.993,6.937,
1988,8,6.925,6.966,6.994,6.937,
1988,9,6.926,6.966,6.994,6.938,
1988,10,6.998,6.966,6.994,6.938,
1988,11,6.982,6.966,6.995,6.938,
1988,12,6.996,6.967,6.995,6.939,
1989,1,6.997,6.967,6.995,6.939,
1989,2,7.022,6.967,6.995,6.940,
1989,3,7.018,6.968,6.996,6.940,
1989,4,6.945,6.968,6.996,6.940,
1989,5,6.967,6.968,6.996,6.941,
1989,6,6.958,6.969,6.996,6.941,
1989,7,6.935,6.969,6.997,6.941,
1989,8,6.957,6.969,6.997,6.942,
1989,9,6.961,6.970,6.997,6.942,
1989,10,6.950,6.970,6.998,6.943,
1989,11,6.948,6.970,6.998,6.943,
1989,12,6.969,6.971,6.998,6.943,
1990,1,6.996,6.971,6.998,6.944,
1990,2,6.825,6.971,6.999,6.944,
1990,3,7.045,6.972,6.999,6.945,
1990,4,6.949,6.972,6.999,6.945,
1990,5,7.047,6.972,6.999,6.945,
1990,6,7.029,6.973,7.000,6.946,
1990,7,7.019,6.973,7.000,6.946,
1990,8,6.999,6.973,7.000,6.946,
1990,9,7.041,6.974,7.001,6.947,
1990,10,7.017,6.974,7.001,6.947,
1990,11,7.048,6.974,7.001,6.948,
1990,12,7.011,6.975,7.001,6.948,
1991,1,7.018,6.975,7.002,6.948,
1991,2,7.065,6.975,7.002,6.949,
1991,3,7.091,6.976,7.002,6.949,
1991,4,7.088,6.976,7.002,6.949,
1991,5,7.051,6.976,7.003,6.950,
1991,6,7.031,6.977,7.003,6.950,
1991,7,7.033,6.977,7.003,6.951,
1991,8,7.008,6.977,7.004,6.951,
1991,9,7.024,6.978,7.004,6.951,
1991,10,6.972,6.978,7.004,6.952,
1991,11,6.953,6.978,7.004,6.952,
1991,12,6.856,6.979,7.005,6.952,
1992,1,6.816,6.979,7.005,6.953,
1992,2,6.745,6.979,7.005,6.953,
1992,3,6.663,6.980,7.006,6.954,
1992,4,6.651,6.980,7.006,6.954,
1992,5,6.727,6.980,7.006,6.954,
1992,6,6.860,6.981,7.006,6.955,
1992,7,6.915,6.981,7.007,6.955,
1992,8,6.968,6.981,7.007,6.955,
1992,9,7.015,6.982,7.007,6.956,
1992,10,6.986,6.982,7.008,6.956,
1992,11,6.949,6.982,7.008,6.957,
1992,12,6.888,6.983,7.008,6.957,
1993,1,6.875,6.983,7.008,6.957,
1993,2,6.897,6.983,7.009,6.958,
1993,3,6.958,6.983,7.009,6.958,
1993,4,6.947,,,,
1993,5,6.862,6.963,6.989,6.938,
1993,6,6.912,6.964,6.989,6.938,
1993,7,6.951,6.964,6.989,6.939,
1993,8,6.924,6.964,6.989,6.939,
1993,11,6.943,6.965,6.990,6.940,
1994,1,7.016,6.966,6.991,6.941,
1994,2,7.051,6.966,6.991,6.941,
1994,3,7.030,6.966,6.991,6.941,
1994,4,6.986,6.967,6.992,6.942,
1994,5,7.005,6.967,6.992,6.942,
1994,6,7.010,6.967,6.992,6.943,
1994,7,6.985,6.968,6.993,6.943,
1994,9,6.960,6.968,6.993,6.944,
1994,10,6.939,6.969,6.993,6.944,
1994,11,6.979,6.969,6.994,6.944,
1994,12,6.989,6.969,6.994,6.945,
1995,1,6.922,6.970,6.994,6.945,
1995,2,6.916,6.970,6.995,6.945,
1995,3,7.027,6.970,6.995,6.946,
1995,4,7.087,6.971,6.995,6.946,
1995,5,7.071,6.971,6.996,6.947,
1995,6,7.059,6.971,6.996,6.947,
1995,7,7.043,6.972,6.996,6.947,
1995,8,6.987,6.972,6.996,6.948,
1995,9,7.042,6.972,6.997,6.948,
1995,10,6.997,6.973,6.997,6.948,
1995,11,7.021,6.973,6.997,6.949,
1995,12,6.939,6.973,6.998,6.949,
1996,1,7.013,6.974,6.998,6.949,
1996,2,7.093,6.974,6.998,6.950,
1996,3,7.075,6.974,6.999,6.950,
1996,4,7.031,6.975,6.999,6.950,
1996,5,7.013,6.975,6.999,6.951,
1996,6,7.007,6.975,6.999,6.951,
1996,7,7.000,6.976,7.000,6.951,
1996,8,7.019,6.976,7.000,6.952,
1996,9,6.983,6.976,7.000,6.952,
1996,10,6.945,6.977,7.001,6.953,
1996,11,6.961,6.977,7.001,6.953,
1996,12,6.936,6.977,7.001,6.953,
1997,1,6.923,6.978,7.002,6.954,
1997,2,7.006,6.978,7.002,6.954,
1997,3,7.055,6.978,7.002,6.954,
1997,4,7.005,6.979,7.002,6.955,
1997,5,7.010,6.979,7.003,6.955,
1997,6,6.940,6.979,7.003,6.955,
1997,7,6.936,6.980,7.003,6.956,
1997,8,6.949,6.980,7.004,6.956,
1997,9,6.968,6.980,7.004,6.956,
1997,10,6.958,6.981,7.004,6.957,
1997,11,6.876,6.981,7.005,6.957,
1997,12,6.823,6.981,7.005,6.957,
1998,1,6.768,6.981,7.005,6.958,
1998,2,6.628,6.982,7.006,6.958,
1998,3,6.623,6.982,7.006,6.958,
1998,4,6.621,6.982,7.006,6.959,
1998,5,6.702,6.983,7.007,6.959,
1998,6,6.793,6.983,7.007,6.959,
1998,7,6.790,6.983,7.007,6.960,
1998,8,6.811,6.984,7.007,6.960,
1998,9,6.741,6.984,7.008,6.960,
1998,10,6.837,6.984,7.008,6.961,
1998,11,6.945,6.985,7.008,6.961,
1998,12,6.968,6.985,7.009,6.961,
1999,1,7.028,6.985,7.009,6.962,
1999,2,7.042,6.986,7.009,6.962,
1999,3,7.015,6.986,7.010,6.962,
1999,4,6.939,6.986,7.010,6.963,
1999,5,6.964,6.987,7.010,6.963,
1999,6,6.915,6.987,7.011,6.963,
1999,7,6.997,6.987,7.011,6.964,
1999,8,7.020,6.988,7.011,6.964,
1999,9,6.987,6.988,7.012,6.964,
1999,10,6.999,6.988,7.012,6.965,
1999,11,7.022,6.989,7.012,6.965,
1999,12,7.040,6.989,7.013,6.965,
2000,1,7.043,6.989,7.013,6.966,
2000,2,7.039,6.990,7.013,6.966,
2000,3,7.081,6.990,7.014,6.966,
2000,4,7.039,6.990,7.014,6.967,
2000,5,6.962,6.991,7.014,6.967,
2000,6,6.967,6.991,7.015,6.967,
2000,7,6.959,6.991,7.015,6.968,
2000,8,7.016,6.992,7.015,6.968,
2000,9,6.997,6.992,7.015,6.968,
2000,10,7.048,6.992,7.016,6.969,
2000,11,7.034,6.993,7.016,6.969,
2000,12,7.055,6.993,7.016,6.969,
2001,1,7.034,6.993,7.017,6.970,
2001,2,7.091,6.994,7.017,6.970,
2001,3,7.089,6.994,7.017,6.970,
2001,4,7.023,6.994,7.018,6.971,
2001,5,6.962,6.995,7.018,6.971,
2001,6,6.955,6.995,7.018,6.971,
2001,7,6.940,6.995,7.019,6.972,
2001,8,7.011,6.996,7.019,6.972,
2001,9,6.996,6.996,7.019,6.972,
2001,10,6.973,6.996,7.020,6.973,
2001,11,7.005,6.997,7.020,6.973,
2001,12,6.970,6.997,7.020,6.973,
2002,1,7.000,6.997,7.021,6.974,
2002,2,7.088,6.998,7.021,6.974,
2002,3,7.095,6.998,7.021,6.974,
2002,4,7.079,6.998,7.022,6.975,
2002,5,7.035,6.998,7.022,6.975,
2002,6,7.046,6.999,7.022,6.975,
2002,7,7.034,6.999,7.023,6.975,
2002,8,7.039,6.999,7.023,6.976,
2002,9,7.009,7.000,7.023,6.976,
2002,10,6.998,7.000,7.024,6.976,
2002,11,7.038,7.000,7.024,6.977,
2002,12,7.005,7.001,7.024,6.977,
2003,1,6.961,7.001,7.025,6.977,
2003,2,6.938,7.001,7.025,6.978,
2003,3,7.005,7.002,7.026,6.978,
2003,4,7.073,7.002,7.026,6.978,
2003,5,7.107,7.002,7.026,6.979,
2003,6,7.041,7.003,7.027,6.979,
2003,7,7.029,7.003,7.027,6.979,
2003,8,7.037,7.003,7.027,6.980,
2003,9,7.038,7.004,7.028,6.980,
2003,10,6.951,7.004,7.028,6.980,
2003,11,6.989,7.004,7.028,6.980,
2003,12,7.004,7.005,7.029,6.981,
2004,1,6.967,7.005,7.029,6.981,
2004,2,6.993,7.005,7.029,6.981,
2004,3,7.064,7.006,7.030,6.982,
2004,4,7.050,7.006,7.030,6.982,
2004,5,7.049,7.006,7.030,6.982,
2004,6,7.030,7.007,7.031,6.983,
2004,7,7.034,7.007,7.031,6.983,
2004,8,7.013,7.007,7.031,6.983,
2004,9,7.022,7.008,7.032,6.984,
2004,10,7.020,7.008,7.032,6.984,
2004,11,7.024,7.008,7.032,6.984,
2004,12,6.994,7.009,7.033,6.984,
2005,1,6.994,7.009,7.033,6.985,
2005,2,6.919,7.009,7.033,6.985,
2005,3,6.816,7.010,7.034,6.985,
2005,4,7.025,7.010,7.034,6.986,
2005,5,7.023,7.010,7.035,6.986,
2005,6,7.035,7.011,7.035,6.986,
2005,7,7.034,7.011,7.035,6.987,
2005,8,7.061,7.011,7.036,6.987,
2005,9,7.053,7.012,7.036,6.987,
2005,10,7.047,7.012,7.036,6.987,
2005,11,7.056,7.012,7.037,6.988,
2005,12,7.079,7.013,7.037,6.988,
2006,1,7.119,7.013,7.037,6.988,
2006,2,7.159,7.013,7.038,6.989,
2006,3,7.079,7.014,7.038,6.989,
2006,4,7.015,7.014,7.038,6.989,
2006,5,7.013,7.014,7.039,6.990,
2006,6,6.958,7.015,7.039,6.990,
2006,7,6.935,7.015,7.040,6.990,
2006,8,6.961,7.015,7.040,6.990,
2006,9,6.974,7.015,7.040,6.991,
2006,10,7.006,7.016,7.041,6.991,
2006,11,6.985,7.016,7.041,6.991,
2006,12,7.002,7.016,7.041,6.992,
2007,1,6.976,7.017,7.042,6.992,
2007,2,6.991,7.017,7.042,6.992,
2007,3,7.045,7.017,7.042,6.992,
2007,4,7.090,7.018,7.043,6.993,
2007,5,7.067,7.018,7.043,6.993,
2007,6,7.068,7.018,7.044,6.993,
2007,7,7.065,7.019,7.044,6.994,
2007,8,7.019,7.019,7.044,6.994,
2007,9,7.001,7.019,7.045,6.994,
2007,10,7.059,7.020,7.045,6.994,
2007,11,7.068,7.020,7.045,6.995,
2007,12,7.038,7.020,7.046,6.995,
2008,1,7.110,7.021,7.046,6.995,
2008,2,7.113,7.021,7.046,6.996,
2008,3,7.038,7.021,7.047,6.996,
2008,4,7.026,7.022,7.047,6.996,
2008,5,7.014,7.022,7.048,6.997,
2008,6,7.018,7.022,7.048,6.997,
2008,7,7.023,7.023,7.048,6.997,
2008,8,6.985,7.023,7.049,6.997,
2008,9,6.987,7.023,7.049,6.998,
2008,10,6.985,7.024,7.049,6.998,
2008,11,6.983,7.024,7.050,6.998,
2008,12,7.021,7.024,7.050,6.998,
2009,1,7.069,7.025,7.051,6.999,
2009,2,7.075,7.025,7.051,6.999,
2009,3,7.036,7.025,7.051,6.999,
2009,4,7.038,7.026,7.052,7.000,
2009,5,7.023,7.026,7.052,7.000,
2009,6,6.989,7.026,7.052,7.000,
2009,7,6.937,7.027,7.053,7.000,
2009,8,6.986,7.027,7.053,7.001,
2009,9,7.021,7.027,7.054,7.001,
2009,10,6.984,7.028,7.054,7.001,
2009,11,6.999,7.028,7.054,7.002,
2009,12,6.995,7.028,7.055,7.002,
2010,1,6.981,7.029,7.055,7.002,
2010,2,6.794,7.029,7.055,7.002,
2010,3,6.723,7.029,7.056,7.003,
2010,4,6.882,7.030,7.056,7.003,
2010,5,7.011,7.030,7.057,7.003,
2010,6,7.042,7.030,7.057,7.004,
2010,7,7.052,7.031,7.057,7.004,
2010,8,7.065,7.031,7.058,7.004,
2010,9,6.995,7.031,7.058,7.004,
2010,10,7.091,7.032,7.058,7.005,
2010,11,7.026,7.032,7.059,7.005,
2010,12,7.093,7.032,7.059,7.005,
2011,1,7.089,7.032,7.060,7.005,
2011,2,7.016,7.033,7.060,7.006,
2011,3,7.034,7.033,7.060,7.006,
2011,4,6.987,7.033,7.061,7.006,
2011,5,6.992,7.034,7.061,7.007,
2011,6,7.025,7.034,7.061,7.007,
2011,7,7.017,7.034,7.062,7.007,
2011,8,7.046,7.035,7.062,7.007,
2011,9,7.043,7.035,7.063,7.008,
2011,10,7.069,7.035,7.063,7.008,
2011,11,7.032,7.036,7.063,7.008,
2011,12,7.043,7.036,7.064,7.008,
2012,1,7.055,7.036,7.064,7.009,
2012,2,7.067,7.037,7.065,7.009,
2012,3,7.061,7.037,7.065,7.009,
2012,4,7.019,7.037,7.065,7.010,
2012,5,6.966,7.038,7.066,7.010,
2012,9,6.998,7.039,7.067,7.011,
2012,10,6.974,7.039,7.068,7.011,
2012,11,6.993,7.040,7.068,7.011,
2012,12,7.017,7.040,7.068,7.012,
2013,1,7.078,7.040,7.069,7.012,
2013,2,7.070,7.041,7.069,7.012,
2013,3,7.095,7.041,7.070,7.012,
2013,4,7.070,7.041,7.070,7.013,
2013,5,7.074,7.042,7.070,7.013,
2013,6,7.082,7.042,7.071,7.013,
2013,7,7.053,7.042,7.071,7.014,
2013,8,7.013,7.043,7.071,7.014,
2013,9,7.031,7.043,7.072,7.014,
2013,10,6.987,7.043,7.072,7.014,
2013,11,6.962,7.044,7.073,7.015,
2013,12,6.968,7.044,7.073,7.015,
2014,1,7.021,7.044,7.073,7.015,
2014,2,7.030,7.045,7.074,7.015,
2014,3,7.036,7.045,7.074,7.016,
2014,4,7.008,7.045,7.075,7.016,
2014,5,7.072,7.046,7.075,7.016,
2014,6,7.106,7.046,7.075,7.016,
2014,7,7.098,7.046,7.076,7.017,
2014,8,7.042,7.047,7.076,7.017,
2014,9,7.072,7.047,7.077,7.017,
2014,10,7.100,7.047,7.077,7.017,
2014,11,7.088,7.048,7.077,7.018,
2014,12,7.090,7.048,7.078,7.018,
2015,1,7.077,7.048,7.078,7.018,
2015,2,7.100,7.049,7.079,7.018,
2015,3,7.087,7.049,7.079,7.019,
2015,4,7.023,7.049,7.079,7.019,
2015,5,7.114,7.049,7.080,7.019,
2015,6,7.097,7.050,7.080,7.020,
2015,7,7.064,7.050,7.081,7.020,
2015,8,7.004,7.050,7.081,7.020,
2015,9,7.017,7.051,7.081,7.020,
2015,10,7.037,7.051,7.082,7.021,
2015,11,7.020,7.051,7.082,7.021,
2015,12,6.998,7.052,7.082,7.021,
2016,1,6.818,7.052,7.083,7.021,
2016,2,6.859,7.052,7.083,7.022,
2016,3,6.890,7.053,7.084,7.022,
2016,4,6.937,7.053,7.084,7.022,
2016,5,6.976,7.053,7.084,7.022,
2016,6,7.023,7.054,7.085,7.023,
2016,7,7.011,7.054,7.085,7.023,
2016,8,7.036,7.054,7.086,7.023,
2016,9,7.085,7.055,7.086,7.023,
2016,10,7.062,7.055,7.086,7.024,
2016,11,7.050,7.055,7.087,7.024,
2016,12,7.080,7.056,7.087,7.024,
2017,1,7.064,7.056,7.088,7.024,
2017,2,7.109,7.056,7.088,7.025,
2017,3,7.109,7.057,7.088,7.025,
2017,4,7.052,7.057,7.089,7.025,
2017,5,7.049,7.057,7.089,7.025,
2017,6,7.000,7.058,7.090,7.026,
2017,7,7.014,7.058,7.090,7.026,
2017,8,7.051,7.058,7.090,7.026,
2017,9,7.024,7.059,7.091,7.026,
2017,11,7.034,7.059,7.092,7.027,
2017,12,7.100,7.060,7.092,7.027,
2018,1,7.119,7.060,7.092,7.027,
2018,2,7.123,7.060,7.093,7.028,
2018,3,7.157,7.061,7.093,7.028,
2018,4,7.136,7.061,7.094,7.028,
2018,5,7.121,7.061,7.094,7.028,
2018,6,7.148,7.062,7.094,7.029,
2018,7,7.125,7.062,7.095,7.029,
2018,8,7.118,7.062,7.095,7.029,
2018,9,7.127,7.063,7.096,7.029,
2018,10,7.088,7.063,7.096,7.030,
2018,11,7.047,7.063,7.096,7.030,
2018,12,7.091,7.064,7.097,7.030,
2019,1,7.092,7.064,7.097,7.030,
2019,2,7.047,7.064,7.098,7.031,
2019,3,6.996,7.065,7.098,7.031,
2019,4,7.077,7.065,7.098,7.031,
2019,5,7.103,7.065,7.099,7.031,
2019,6,7.123,7.066,7.099,7.032,
2019,7,7.099,7.066,7.100,7.032,
2019,11,7.083,7.067,7.101,7.033,
2019,12,7.101,7.067,7.102,7.033,
2020,1,7.089,7.068,7.102,7.033,
2020,2,7.095,7.068,7.103,7.034,
2020,3,7.128,7.068,7.103,7.034,
2020,4,7.143,7.069,7.103,7.034,
2020,5,7.129,7.069,7.104,7.034,
2020,6,7.099,7.069,7.104,7.035,
2020,7,7.084,7.070,7.105,7.035,
2020,8,7.071,7.070,7.105,7.035,
2020,9,7.128,7.070,7.105,7.035,
2020,10,7.125,7.071,7.106,7.036,
2020,11,7.095,7.071,7.106,7.036,
2020,12,7.126,7.071,7.107,7.036,
2021,1,7.148,7.072,7.107,7.036,
2021,2,7.184,7.072,7.107,7.037,
2021,3,7.115,7.072,7.108,7.037,
2021,4,7.044,7.073,7.108,7.037,
2021,5,7.058,7.073,7.109,7.037,
2021,6,7.058,7.073,7.109,7.038,
2021,7,7.109,7.074,7.109,7.038,
2021,8,7.068,7.074,7.110,7.038,
2021,9,7.104,7.074,7.110,7.038,
2021,10,7.098,7.075,7.111,7.039,
2021,11,7.055,7.075,7.111,7.039,
2021,12,7.078,7.075,7.111,7.039,
2022,1,7.133,7.076,7.112,7.039,
2022,2,7.132,7.076,7.112,7.040,
2022,3,7.083,7.076,7.113,7.040,
2022,4,7.131,7.077,7.113,7.040,
2022,5,7.104,7.077,7.114,7.040,
2022,6,7.045,7.077,7.114,7.041,
2022,7,7.083,7.078,7.114,7.041,
2022,8,7.075,7.078,7.115,7.041,
2022,9,7.073,7.078,7.115,7.041,
2022,10,7.100,7.079,7.116,7.042,
2022,11,7.099,7.079,7.116,7.042,
2022,12,7.104,7.079,7.116,7.042,
2023,1,7.117,7.080,7.117,7.042,
